{"cameraMode":{"drawMode":0,"name":"Shaded","section":"Shading Mode"},"sceneLighting":true,"audioPlay":false,"sceneViewState":{"m_AlwaysRefresh":false,"showFog":true,"showSkybox":true,"showFlares":true,"showImageEffects":true,"showParticleSystems":true,"showVisualEffectGraphs":true,"m_FxEnabled":true},"in2DMode":false,"pivot":{"x":109.37702178955078,"y":381.419677734375,"z":8.172454833984375},"rotation":{"x":-0.14967437088489533,"y":-0.02432984858751297,"z":-0.003675689222291112,"w":0.9883891940116882},"size":507.8433837890625,"orthographic":true}