{"cameraMode":{"drawMode":0,"name":"Shaded","section":"Shading Mode"},"sceneLighting":false,"audioPlay":false,"sceneViewState":{"m_AlwaysRefresh":false,"showFog":true,"showSkybox":false,"showFlares":true,"showImageEffects":true,"showParticleSystems":true,"showVisualEffectGraphs":true,"m_FxEnabled":true},"in2DMode":false,"pivot":{"x":-0.0076531097292900089,"y":0.8950806856155396,"z":0.08021274209022522},"rotation":{"x":-0.0077882916666567329,"y":0.020387716591358186,"z":0.00016736003453843296,"w":0.9997228384017944},"size":0.12115596234798432,"orthographic":true}